[{"model": "admin.logentry", "pk": 1, "fields": {"action_time": "2026-03-31T18:34:15.715Z", "user": 1, "content_type": 4, "object_id": "2", "object_repr": "gowtham6477", "action_flag": 1, "change_message": "[{\"added\": {}}]"}}, {"model": "admin.logentry", "pk": 2, "fields": {"action_time": "2026-03-31T18:34:48.277Z", "user": 1, "content_type": 7, "object_id": "11", "object_repr": "ads", "action_flag": 1, "change_message": "[{\"added\": {}}]"}}, {"model": "admin.logentry", "pk": 3, "fields": {"action_time": "2026-03-31T18:34:51.586Z", "user": 1, "content_type": 8, "object_id": "11", "object_repr": "facebook ads", "action_flag": 1, "change_message": "[{\"added\": {}}, {\"added\": {\"name\": \"post tag\", \"object\": \"facebook ads \\u00b7 ads\"}}]"}}, {"model": "auth.permission", "pk": 1, "fields": {"name": "Can add log entry", "content_type": 1, "codename": "add_logentry"}}, {"model": "auth.permission", "pk": 2, "fields": {"name": "Can change log entry", "content_type": 1, "codename": "change_logentry"}}, {"model": "auth.permission", "pk": 3, "fields": {"name": "Can delete log entry", "content_type": 1, "codename": "delete_logentry"}}, {"model": "auth.permission", "pk": 4, "fields": {"name": "Can view log entry", "content_type": 1, "codename": "view_logentry"}}, {"model": "auth.permission", "pk": 5, "fields": {"name": "Can add permission", "content_type": 2, "codename": "add_permission"}}, {"model": "auth.permission", "pk": 6, "fields": {"name": "Can change permission", "content_type": 2, "codename": "change_permission"}}, {"model": "auth.permission", "pk": 7, "fields": {"name": "Can delete permission", "content_type": 2, "codename": "delete_permission"}}, {"model": "auth.permission", "pk": 8, "fields": {"name": "Can view permission", "content_type": 2, "codename": "view_permission"}}, {"model": "auth.permission", "pk": 9, "fields": {"name": "Can add group", "content_type": 3, "codename": "add_group"}}, {"model": "auth.permission", "pk": 10, "fields": {"name": "Can change group", "content_type": 3, "codename": "change_group"}}, {"model": "auth.permission", "pk": 11, "fields": {"name": "Can delete group", "content_type": 3, "codename": "delete_group"}}, {"model": "auth.permission", "pk": 12, "fields": {"name": "Can view group", "content_type": 3, "codename": "view_group"}}, {"model": "auth.permission", "pk": 13, "fields": {"name": "Can add user", "content_type": 4, "codename": "add_user"}}, {"model": "auth.permission", "pk": 14, "fields": {"name": "Can change user", "content_type": 4, "codename": "change_user"}}, {"model": "auth.permission", "pk": 15, "fields": {"name": "Can delete user", "content_type": 4, "codename": "delete_user"}}, {"model": "auth.permission", "pk": 16, "fields": {"name": "Can view user", "content_type": 4, "codename": "view_user"}}, {"model": "auth.permission", "pk": 17, "fields": {"name": "Can add content type", "content_type": 5, "codename": "add_contenttype"}}, {"model": "auth.permission", "pk": 18, "fields": {"name": "Can change content type", "content_type": 5, "codename": "change_contenttype"}}, {"model": "auth.permission", "pk": 19, "fields": {"name": "Can delete content type", "content_type": 5, "codename": "delete_contenttype"}}, {"model": "auth.permission", "pk": 20, "fields": {"name": "Can view content type", "content_type": 5, "codename": "view_contenttype"}}, {"model": "auth.permission", "pk": 21, "fields": {"name": "Can add session", "content_type": 6, "codename": "add_session"}}, {"model": "auth.permission", "pk": 22, "fields": {"name": "Can change session", "content_type": 6, "codename": "change_session"}}, {"model": "auth.permission", "pk": 23, "fields": {"name": "Can delete session", "content_type": 6, "codename": "delete_session"}}, {"model": "auth.permission", "pk": 24, "fields": {"name": "Can view session", "content_type": 6, "codename": "view_session"}}, {"model": "auth.permission", "pk": 25, "fields": {"name": "Can add tag", "content_type": 7, "codename": "add_tag"}}, {"model": "auth.permission", "pk": 26, "fields": {"name": "Can change tag", "content_type": 7, "codename": "change_tag"}}, {"model": "auth.permission", "pk": 27, "fields": {"name": "Can delete tag", "content_type": 7, "codename": "delete_tag"}}, {"model": "auth.permission", "pk": 28, "fields": {"name": "Can view tag", "content_type": 7, "codename": "view_tag"}}, {"model": "auth.permission", "pk": 29, "fields": {"name": "Can add post", "content_type": 8, "codename": "add_post"}}, {"model": "auth.permission", "pk": 30, "fields": {"name": "Can change post", "content_type": 8, "codename": "change_post"}}, {"model": "auth.permission", "pk": 31, "fields": {"name": "Can delete post", "content_type": 8, "codename": "delete_post"}}, {"model": "auth.permission", "pk": 32, "fields": {"name": "Can view post", "content_type": 8, "codename": "view_post"}}, {"model": "auth.permission", "pk": 33, "fields": {"name": "Can add post tag", "content_type": 9, "codename": "add_posttag"}}, {"model": "auth.permission", "pk": 34, "fields": {"name": "Can change post tag", "content_type": 9, "codename": "change_posttag"}}, {"model": "auth.permission", "pk": 35, "fields": {"name": "Can delete post tag", "content_type": 9, "codename": "delete_posttag"}}, {"model": "auth.permission", "pk": 36, "fields": {"name": "Can view post tag", "content_type": 9, "codename": "view_posttag"}}, {"model": "auth.permission", "pk": 37, "fields": {"name": "Can add comment", "content_type": 10, "codename": "add_comment"}}, {"model": "auth.permission", "pk": 38, "fields": {"name": "Can change comment", "content_type": 10, "codename": "change_comment"}}, {"model": "auth.permission", "pk": 39, "fields": {"name": "Can delete comment", "content_type": 10, "codename": "delete_comment"}}, {"model": "auth.permission", "pk": 40, "fields": {"name": "Can view comment", "content_type": 10, "codename": "view_comment"}}, {"model": "auth.user", "pk": 1, "fields": {"password": "pbkdf2_sha256$1000000$hOvRqmKlJacakEfek2KjOx$X/rMOFQZf52AnhbveWG+QysuOIGhrhx+IFNREV75GvU=", "last_login": "2026-03-31T18:08:09.375Z", "is_superuser": true, "username": "editor", "first_name": "", "last_name": "", "email": "editor@example.com", "is_staff": true, "is_active": true, "date_joined": "2026-03-31T18:01:32.098Z", "groups": [], "user_permissions": []}}, {"model": "auth.user", "pk": 2, "fields": {"password": "pbkdf2_sha256$1000000$ngnTPa0LKlhhMJefvdSpM4$NzYicgYaYJKVi0Tj8f3tcaqkT66oZgYC+T85RCir7XU=", "last_login": null, "is_superuser": false, "username": "gowtham6477", "first_name": "", "last_name": "", "email": "", "is_staff": false, "is_active": true, "date_joined": "2026-03-31T18:34:14.187Z", "groups": [], "user_permissions": []}}, {"model": "contenttypes.contenttype", "pk": 1, "fields": {"app_label": "admin", "model": "logentry"}}, {"model": "contenttypes.contenttype", "pk": 2, "fields": {"app_label": "auth", "model": "permission"}}, {"model": "contenttypes.contenttype", "pk": 3, "fields": {"app_label": "auth", "model": "group"}}, {"model": "contenttypes.contenttype", "pk": 4, "fields": {"app_label": "auth", "model": "user"}}, {"model": "contenttypes.contenttype", "pk": 5, "fields": {"app_label": "contenttypes", "model": "contenttype"}}, {"model": "contenttypes.contenttype", "pk": 6, "fields": {"app_label": "sessions", "model": "session"}}, {"model": "contenttypes.contenttype", "pk": 7, "fields": {"app_label": "blog", "model": "tag"}}, {"model": "contenttypes.contenttype", "pk": 8, "fields": {"app_label": "blog", "model": "post"}}, {"model": "contenttypes.contenttype", "pk": 9, "fields": {"app_label": "blog", "model": "posttag"}}, {"model": "contenttypes.contenttype", "pk": 10, "fields": {"app_label": "blog", "model": "comment"}}, {"model": "sessions.session", "pk": "grhx98gi4530top7j5eme8yutjmvfequ", "fields": {"session_data": ".eJxVjMsOwiAURP-FtSE8ioBL934DGe6ltmpKUtqV8d9tky50lnPOzFskrMuQ1lbmNLK4CC1Ov10GPcu0A35guldJdVrmMctdkQdt8la5vK6H-3cwoA3b2hKX3BkdyEc4fTYe1rFiOBgbnWLaEhXp3gPcE3chQjGbAEPIUXy--f05CA:1w7dVZ:x8OvQUATk2tuOxOdcSSUyPpKKaNeEx7Bz-68jlUKrcM", "expire_date": "2026-04-14T18:08:09.375Z"}}, {"model": "blog.tag", "pk": 1, "fields": {"name": "Django", "slug": "django", "description": ""}}, {"model": "blog.tag", "pk": 2, "fields": {"name": "Python", "slug": "python", "description": ""}}, {"model": "blog.tag", "pk": 3, "fields": {"name": "ORM", "slug": "orm", "description": ""}}, {"model": "blog.tag", "pk": 4, "fields": {"name": "APIs", "slug": "apis", "description": ""}}, {"model": "blog.tag", "pk": 5, "fields": {"name": "Performance", "slug": "performance", "description": ""}}, {"model": "blog.tag", "pk": 6, "fields": {"name": "Testing", "slug": "testing", "description": ""}}, {"model": "blog.tag", "pk": 7, "fields": {"name": "Security", "slug": "security", "description": ""}}, {"model": "blog.tag", "pk": 8, "fields": {"name": "DevOps", "slug": "devops", "description": ""}}, {"model": "blog.tag", "pk": 9, "fields": {"name": "SQL", "slug": "sql", "description": ""}}, {"model": "blog.tag", "pk": 10, "fields": {"name": "Search", "slug": "search", "description": ""}}, {"model": "blog.tag", "pk": 11, "fields": {"name": "ads", "slug": "ads", "description": ""}}, {"model": "blog.post", "pk": 1, "fields": {"title": "Mastering Django ORM Queries", "slug": "mastering-django-orm-queries", "body": "Deep dive into query optimization, select_related, prefetch_related, and annotation patterns for high-scale Django apps.", "author": 1, "status": "published", "created_at": "2026-03-31T18:01:33.777Z", "updated_at": "2026-03-31T18:01:33.777Z", "published_at": "2026-03-31T18:01:33.760Z", "cover_image": "", "views_count": 0}}, {"model": "blog.post", "pk": 2, "fields": {"title": "The Power of Full-Text Search", "slug": "the-power-of-full-text-search", "body": "Learn how to build fast search with Q objects, ranking, and UI highlighting for better discovery.", "author": 1, "status": "published", "created_at": "2026-03-31T18:01:33.796Z", "updated_at": "2026-03-31T18:01:33.796Z", "published_at": "2026-03-31T18:01:33.796Z", "cover_image": "", "views_count": 0}}, {"model": "blog.post", "pk": 3, "fields": {"title": "Building Scalable APIs with Python", "slug": "building-scalable-apis-with-python", "body": "Design RESTful endpoints with pagination, throttling, and caching for production workloads.", "author": 1, "status": "published", "created_at": "2026-03-31T18:01:33.813Z", "updated_at": "2026-03-31T18:01:33.813Z", "published_at": "2026-03-31T18:01:33.813Z", "cover_image": "", "views_count": 0}}, {"model": "blog.post", "pk": 4, "fields": {"title": "Django Performance Checklist", "slug": "django-performance-checklist", "body": "A practical checklist for reducing query counts, caching templates, and speeding up responses.", "author": 1, "status": "published", "created_at": "2026-03-31T18:01:33.844Z", "updated_at": "2026-03-31T18:01:33.844Z", "published_at": "2026-03-31T18:01:33.844Z", "cover_image": "", "views_count": 0}}, {"model": "blog.post", "pk": 5, "fields": {"title": "Deploying Django with Confidence", "slug": "deploying-django-with-confidence", "body": "From settings hardening to WSGI servers and static assets, ship with fewer surprises.", "author": 1, "status": "published", "created_at": "2026-03-31T18:01:33.885Z", "updated_at": "2026-03-31T18:01:33.885Z", "published_at": "2026-03-31T18:01:33.882Z", "cover_image": "", "views_count": 0}}, {"model": "blog.post", "pk": 6, "fields": {"title": "Advanced SQL for Django Devs", "slug": "advanced-sql-for-django-devs", "body": "Write better filters, understand indexes, and avoid common ORM pitfalls.", "author": 1, "status": "published", "created_at": "2026-03-31T18:01:33.910Z", "updated_at": "2026-03-31T18:01:33.910Z", "published_at": "2026-03-31T18:01:33.893Z", "cover_image": "", "views_count": 0}}, {"model": "blog.post", "pk": 7, "fields": {"title": "Secure Auth Patterns", "slug": "secure-auth-patterns", "body": "Session security, CSRF, and best practices for keeping user data safe.", "author": 1, "status": "published", "created_at": "2026-03-31T18:01:33.927Z", "updated_at": "2026-03-31T18:01:33.927Z", "published_at": "2026-03-31T18:01:33.910Z", "cover_image": "", "views_count": 1}}, {"model": "blog.post", "pk": 8, "fields": {"title": "Testing Strategies that Scale", "slug": "testing-strategies-that-scale", "body": "Organize tests, speed up CI, and keep coverage focused on critical paths.", "author": 1, "status": "published", "created_at": "2026-03-31T18:01:33.944Z", "updated_at": "2026-03-31T18:01:33.944Z", "published_at": "2026-03-31T18:01:33.940Z", "cover_image": "", "views_count": 0}}, {"model": "blog.post", "pk": 9, "fields": {"title": "Async Tasks in Django", "slug": "async-tasks-in-django", "body": "Use background processing for email, reports, and data pipelines.", "author": 1, "status": "published", "created_at": "2026-03-31T18:01:33.960Z", "updated_at": "2026-03-31T18:01:33.960Z", "published_at": "2026-03-31T18:01:33.960Z", "cover_image": "", "views_count": 0}}, {"model": "blog.post", "pk": 10, "fields": {"title": "Search UX that Converts", "slug": "search-ux-that-converts", "body": "Design filters, sorting, and results pages that help users find content fast.", "author": 1, "status": "published", "created_at": "2026-03-31T18:01:33.993Z", "updated_at": "2026-03-31T18:01:33.993Z", "published_at": "2026-03-31T18:01:33.977Z", "cover_image": "", "views_count": 5}}, {"model": "blog.post", "pk": 11, "fields": {"title": "facebook ads", "slug": "facebook-ads", "body": "Know about facebook adds", "author": 2, "status": "published", "created_at": "2026-03-31T18:34:51.576Z", "updated_at": "2026-03-31T18:34:51.576Z", "published_at": "2026-03-31T18:34:26Z", "cover_image": "covers/facebook-icon.png", "views_count": 0}}, {"model": "blog.posttag", "pk": 1, "fields": {"post": 1, "tag": 1, "added_at": "2026-03-31T18:01:33.777Z"}}, {"model": "blog.posttag", "pk": 2, "fields": {"post": 1, "tag": 2, "added_at": "2026-03-31T18:01:33.777Z"}}, {"model": "blog.posttag", "pk": 3, "fields": {"post": 2, "tag": 2, "added_at": "2026-03-31T18:01:33.796Z"}}, {"model": "blog.posttag", "pk": 4, "fields": {"post": 2, "tag": 3, "added_at": "2026-03-31T18:01:33.796Z"}}, {"model": "blog.posttag", "pk": 5, "fields": {"post": 3, "tag": 3, "added_at": "2026-03-31T18:01:33.835Z"}}, {"model": "blog.posttag", "pk": 6, "fields": {"post": 3, "tag": 4, "added_at": "2026-03-31T18:01:33.835Z"}}, {"model": "blog.posttag", "pk": 7, "fields": {"post": 4, "tag": 4, "added_at": "2026-03-31T18:01:33.860Z"}}, {"model": "blog.posttag", "pk": 8, "fields": {"post": 4, "tag": 5, "added_at": "2026-03-31T18:01:33.860Z"}}, {"model": "blog.posttag", "pk": 9, "fields": {"post": 5, "tag": 5, "added_at": "2026-03-31T18:01:33.893Z"}}, {"model": "blog.posttag", "pk": 10, "fields": {"post": 5, "tag": 6, "added_at": "2026-03-31T18:01:33.893Z"}}, {"model": "blog.posttag", "pk": 11, "fields": {"post": 6, "tag": 6, "added_at": "2026-03-31T18:01:33.910Z"}}, {"model": "blog.posttag", "pk": 12, "fields": {"post": 6, "tag": 7, "added_at": "2026-03-31T18:01:33.910Z"}}, {"model": "blog.posttag", "pk": 13, "fields": {"post": 7, "tag": 8, "added_at": "2026-03-31T18:01:33.927Z"}}, {"model": "blog.posttag", "pk": 14, "fields": {"post": 7, "tag": 7, "added_at": "2026-03-31T18:01:33.927Z"}}, {"model": "blog.posttag", "pk": 15, "fields": {"post": 8, "tag": 8, "added_at": "2026-03-31T18:01:33.944Z"}}, {"model": "blog.posttag", "pk": 16, "fields": {"post": 8, "tag": 9, "added_at": "2026-03-31T18:01:33.944Z"}}, {"model": "blog.posttag", "pk": 17, "fields": {"post": 9, "tag": 9, "added_at": "2026-03-31T18:01:33.977Z"}}, {"model": "blog.posttag", "pk": 18, "fields": {"post": 9, "tag": 10, "added_at": "2026-03-31T18:01:33.977Z"}}, {"model": "blog.posttag", "pk": 19, "fields": {"post": 10, "tag": 1, "added_at": "2026-03-31T18:01:34.011Z"}}, {"model": "blog.posttag", "pk": 20, "fields": {"post": 10, "tag": 10, "added_at": "2026-03-31T18:01:34.011Z"}}, {"model": "blog.posttag", "pk": 21, "fields": {"post": 11, "tag": 11, "added_at": "2026-03-31T18:34:51.584Z"}}, {"model": "blog.comment", "pk": 1, "fields": {"post": 10, "name": "Gowtham J", "email": "jgjg6477@gmail.com", "body": "hello", "approved": true, "created_at": "2026-03-31T18:18:05.423Z"}}]